pais,n,observado_promedio,predicho_promedio,MAE,sesgo,RMSE
Chile,144,6.059027777777778,5.6531801955411005,2.3576405641139826,0.40584758223667744,4.1505740997768985
