pais,n,observado_promedio,predicho_promedio,MAE,sesgo,RMSE
Noruega,134,1.6409701492537314,2.0519022400624873,1.0314287277849636,-0.4109320908087559,1.902722832630962
